pH,T,S,EC,TDS,DO,WT,FC,BOD,COD,NO3,PO4,NSF,CCME
7.83,4.17,0.47,607.28,332.37,4.63,21.13,837.29,2.9,135.96,2.62,14.27,44.68,49.07
7.64,6.18,0.31,632.87,316.29,4.34,21.91,635.07,2.3,85.03,2.1,9.18,46.62,55.33
7.72,5.64,0.45,852.63,484.7,4.46,22.37,934.43,2.92,177.53,2.86,12.78,42.79,46.7
7.79,6.05,0.42,845.8,421.87,4.24,22.86,804.97,2.33,117.01,1.91,11.06,45.27,51.28
7.79,6.06,0.47,948.58,472.33,4.25,23.35,405.08,1.82,137.33,2.26,10.63,46.17,52.53
7.64,5.81,0.37,727.5,382.53,4.35,22.17,777.19,2.48,120.96,2.3,11.89,45.38,50.66
7.84,5.62,0.5,924.64,481.78,4.5,22.53,669.33,2.55,151.73,2.69,9.82,43.7,50.35
7.85,4.17,0.43,878.8,438.2,4.28,22.29,479.6,2.09,104.96,1.57,11.27,46.31,53.6
7.69,4.81,0.35,723.05,397.8,4.38,21.67,860.81,2.67,126.07,2.03,12.67,44.83,49.88
7.75,6.09,0.44,827.71,442.03,4.4,22.38,943.53,2.77,159.82,2.82,14.21,43.18,46.5
7.59,4.52,0.32,560.83,358.58,4.32,21.24,806.58,2.67,133.6,2.01,13.21,46.26,54.46
7.65,8.1,0.35,720.06,359.62,4.29,22.48,627.93,2.2,103.29,2.46,8.72,46.06,56.1
7.6,4.61,0.3,586.94,347.25,4.42,21.82,944.94,2.9,128.09,2.19,12.44,45.08,49.57
7.81,4.76,0.46,913.84,454.2,4.46,22,609.54,2.33,149.12,2.49,11.75,44.7,50.53
7.63,5.24,0.41,683.11,418.97,4.6,21.84,987.74,3.15,158.8,2.91,14.49,43.03,45.98
7.65,6.24,0.37,696.14,378.92,4.33,21.93,916.7,2.68,117,2.23,11.65,45.05,51.54
7.67,4.77,0.4,515.82,316.98,4.51,21.38,753.56,2.7,124.99,2.49,13.34,45.78,52.56
7.79,6.12,0.39,793.23,387.91,4.39,21.96,717.52,2.42,114.53,2.33,10.54,44.91,51.38
7.79,4.06,0.35,664.3,357.48,4.48,21.06,1021.29,3.03,118.13,2.13,13.95,44.02,46.85
7.6,5.92,0.34,712.89,393.69,4.39,22,880.23,2.7,139.62,2.51,13,44.62,49.89
7.69,5.9,0.38,726.45,424.75,4.43,21.82,1110.27,3.06,157.27,2.67,14.33,43.14,46
7.64,6.17,0.42,717.04,419.37,4.45,22.27,911.86,2.89,152.63,2.9,12.2,43.23,47.51
7.69,6.84,0.4,827.25,484.82,4.23,22.67,1072.5,2.7,161.45,2.43,15.12,43.32,46.66
7.93,2.92,0.48,1097.33,483.33,4.63,22.04,573.67,2.44,161.07,2.49,11.89,44.17,47.63
7.67,8.93,0.42,750.02,458.37,4.41,21.94,1324.4,3.3,180.11,3.39,13.47,41.23,43.27
7.69,4.99,0.4,730.5,401.13,4.41,21.63,859.81,2.82,136.8,2.3,10.61,44.32,49.36
7.64,7.38,0.46,697.9,420.85,4.51,22.78,954.53,2.99,153.84,3.45,12.69,42.11,45.85
7.59,4.41,0.35,699.42,347.97,4.36,22.37,647.84,2.27,114.18,2.11,11.52,46.29,50.81
7.76,5.9,0.46,919.92,536.67,4.25,22.28,887.58,2.67,187.47,2.4,14.54,43.08,46.56
7.59,5.13,0.38,675.54,445.04,4.35,21.79,1223.71,3.27,179.69,2.51,14.76,42.84,44.61
7.72,4.69,0.36,741.88,396.98,4.35,22,607.41,2.3,116.94,1.97,11.54,46.2,52.97
7.68,3.67,0.39,657.92,380.33,4.29,21.94,936.08,2.74,126.93,1.71,12.42,45.4,49.72
7.62,3.86,0.32,642.67,344,4.39,21.87,662.25,2.4,124,1.96,11.28,46.66,53.02
7.63,6.46,0.32,646.88,323.25,4.39,21.45,495.25,2.16,79.6,1.9,9.46,47.62,59.73
7.77,5.95,0.5,942.7,489.54,4.48,22.71,578.14,2.38,157.82,2.83,9.85,44.01,51.16
7.59,3.71,0.37,725.05,391.98,4.39,21.93,717.86,2.6,145.23,2.23,13.6,45.57,52.07
7.76,4.18,0.4,687.36,358.47,4.44,21.86,794.94,2.62,122,2.1,11.85,45.54,51.36
7.7,6.4,0.34,707.51,380.92,4.38,21.68,711.68,2.46,109.85,2.25,10.62,45.42,53.65
7.75,4.51,0.42,806.32,429.66,4.37,22.1,761.02,2.48,142.1,2.15,11.89,44.94,49.85
7.53,6.04,0.32,611.17,429.28,4.38,21.52,988.94,2.89,147.91,2.54,15.5,44.44,51.03
7.65,4.45,0.39,726.18,430.01,4.33,21.97,976.85,2.81,157.07,2.16,13.4,44.38,47.91
7.53,5.51,0.39,641.19,395.89,4.44,22.38,821.56,2.67,151.32,2.61,12.8,44.57,48.35
7.64,4.32,0.38,717.43,408.81,4.44,21.89,872.52,2.74,147.19,2.36,13.92,44.67,48.89
7.71,5.02,0.37,769.32,374.15,4.32,22.92,608.34,2.11,119.22,2.07,9.88,45.97,50.1
7.65,5.19,0.36,740.25,429.81,4.41,21.53,822.22,2.69,142.54,2.31,13.4,44.47,50.23
7.75,5.46,0.44,874.24,454.63,4.28,22.89,580.81,2.13,142.48,2.22,11.46,45.66,51.13
7.74,4.86,0.43,861.9,453.63,4.28,23.03,813.32,2.39,148.79,2.16,12.93,44.7,47.6
7.79,5.95,0.42,864.71,430.29,4.44,21.6,706.99,2.54,139.06,2.55,12.06,44.13,50.92
7.41,5.36,0.29,566.17,372.88,4.39,22.24,796.17,2.69,134.53,2.32,11.41,45.59,51.93
7.69,4.23,0.38,717.2,408.6,4.36,21.9,927,2.74,143.12,2.08,12.88,44.77,48.45
7.64,4.82,0.39,715.65,421.46,4.47,21.96,878.61,2.76,157.85,2.57,14.11,44.22,47.91
7.66,5.63,0.47,769.63,483,4.52,21.87,1045.58,3.1,193.47,3.11,16.95,42.22,44.66
7.73,5.29,0.42,818.48,418.58,4.42,22.26,734.75,2.53,139.2,2.52,12.24,44.39,49.46
7.75,6.44,0.41,766.1,399.11,4.39,22.39,751.94,2.5,121.48,2.53,10.85,44.44,50.4
7.81,6.87,0.38,801.23,388.04,4.39,22.15,559.85,2.21,113,2.48,8.94,45.31,53.56
7.81,4.9,0.43,903.43,446.52,4.41,22.36,788.55,2.55,139.52,2.28,12.31,44.35,47.72
7.65,6.43,0.45,790.5,510.5,4.31,22.47,1223.5,3.05,201.33,2.84,18.55,42.09,43.97
7.56,9.32,0.35,710,355.33,4.31,22.37,1040.67,2.74,100.27,2.9,10.72,44.24,52
7.61,4.56,0.3,619.08,309.72,4.28,22.45,735.8,2.36,88.19,1.54,9.06,47.42,57.94
7.87,3.36,0.5,593.19,331.04,4.7,20.94,898.8,3.05,145.24,2.67,15.6,44.2,46.57
7.86,5.67,0.54,1007.31,522.89,4.52,22.78,626.97,2.48,173.96,2.95,10.2,43.28,49.17
7.71,3.75,0.37,814.53,401.84,4.48,22.21,700.67,2.44,141.78,2.21,11.53,45.31,48.8
7.58,5.85,0.37,676.27,457.4,4.4,21.86,1317.99,3.45,186.44,2.82,15.97,41.88,43.11
7.89,4.29,0.44,877.67,434.52,4.47,21.63,703.44,2.49,134.29,2.2,11.67,44.62,50.18
7.71,4.89,0.36,739.56,364.68,4.28,22.93,797.57,2.33,110.38,1.69,9.72,46.03,52.52
7.75,4.64,0.44,879.98,438.33,4.28,22.46,536.03,2.1,113.25,1.81,12.34,46.39,51.95
7.62,5.19,0.4,708.49,404.02,4.36,22.55,749.02,2.52,145.71,2.53,12.99,44.68,48.87
7.89,6.41,0.46,881.95,452.47,4.4,21.93,723.77,2.43,136.25,2.4,9.94,44.31,51.75
7.69,11.86,0.43,857.81,504.11,4.35,22.3,1415.39,3.25,187.11,3.89,12.59,40.04,42.58
7.59,4.04,0.41,440.5,375.5,4.31,21.09,1344.5,3.51,187.2,2.38,14.09,43.23,43.29
7.65,5.15,0.37,726.42,418.71,4.39,22.28,983.64,2.87,154.15,2.5,13.33,43.83,46.58
7.68,6.46,0.45,713.82,406.79,4.46,22.4,905.64,2.86,150.21,3.06,12.34,43.04,47.2
7.71,5.13,0.36,731.49,361.45,4.34,22.39,565.4,2.16,107.07,2.01,9.86,46.23,52.46
7.92,7.33,0.44,874.17,431,4.43,21.97,812.67,2.54,134.93,2.59,10.08,44.17,51.81
8.08,5.14,0.49,1079.33,490.67,4.49,22.43,772,2.47,142.4,2.5,10.64,43.16,45.28
7.62,6.38,0.32,648.99,324.31,4.33,22.06,646.08,2.27,87.6,2.09,9.77,46.75,55.7
7.57,5.69,0.35,680.46,449.16,4.36,21.56,1071.65,3.01,162.43,2.39,13.61,43.66,47.41
7.78,8.51,0.35,722.25,361,4.32,21.95,536.75,2.2,90.53,2.45,7.76,46.02,58.9
7.85,6.87,0.44,908.64,475.91,4.23,22.88,753.71,2.31,141.61,2.49,13.11,44,48.57
7.75,5.47,0.37,768.9,377.06,4.33,22.29,707.08,2.34,101.25,1.94,10.43,45.9,53.05
7.77,5.56,0.41,785.83,437.95,4.42,22.09,799.4,2.63,143.98,2.47,13.09,43.88,48.13
8.05,7.36,0.5,1011.4,504.4,4.18,23.35,788.2,2.23,145.28,2.57,11.83,42.74,45.27
7.77,6.62,0.39,776.27,401.75,4.29,22.81,1001.39,2.61,133.26,2.67,12.54,43.44,45.94
7.79,4.75,0.43,836.58,434.01,4.4,22.42,927.09,2.68,145.67,2.23,13.08,44.22,47.03
7.84,3.59,0.35,696.5,348.5,4.49,20.16,900.5,2.89,75.2,1.76,13.17,44.1,47.4
7.67,5.04,0.39,753.95,412.44,4.41,22.09,747.43,2.55,143.84,2.41,11.96,44.92,50.66
7.66,5.88,0.39,689.57,428.17,4.43,21.61,1085.35,3.09,162.83,2.61,13.28,43.38,47.13
7.68,5.07,0.42,843.48,431.54,4.28,23.09,807.37,2.34,153.49,2.34,12.91,44.65,46.95
7.64,5.39,0.36,742.53,441.58,4.39,21.98,943.11,2.75,153.47,2.41,13.55,44.13,47.78
7.79,5.36,0.44,657.25,350.52,4.56,21.33,680.69,2.62,119.63,2.57,11.98,44.96,51.42
7.56,2.7,0.33,671.75,335.88,4.39,22.1,537.25,2.22,97.6,1.67,10.84,47.7,55.32
7.68,5,0.34,709.61,370.23,4.41,22.02,817.65,2.64,124.24,2.26,11.52,45.14,50.2
7.75,5.94,0.4,750.9,429.04,4.36,22.08,904.47,2.83,150.16,2.69,11.93,43.29,46.83
7.64,5.01,0.33,661.83,341.69,4.34,22.12,795.92,2.53,104.29,1.99,10.94,46.04,53.04
7.84,6.1,0.42,868.83,425.59,4.23,23.34,791.13,2.27,127.01,2.25,10.74,44.8,49.81
7.87,5.03,0.47,966.87,468.05,4.33,22.57,521.74,2.08,125.98,1.97,11.44,45.72,51.22
7.75,4.72,0.46,700.88,397.45,4.55,21.31,816.58,2.83,152.67,2.64,13.8,44.16,48.96
7.58,5.01,0.28,567.54,342.78,4.37,21.46,837.42,2.66,113.2,2.07,12.4,46.11,53.18
7.71,5.61,0.46,920.37,490.04,4.46,22.51,697.76,2.51,167.91,2.83,12.18,43.76,49.09
7.71,6.7,0.37,757.03,377.58,4.29,22.5,503.72,2.05,107.38,2.17,9.24,46.44,55.29
7.52,5.55,0.41,708.42,408.18,4.47,23.2,636.43,2.76,135.87,2.92,9.94,44.1,50.67
7.71,5.62,0.34,684.2,342.3,4.22,23.11,1425.7,2.97,110.72,1.66,11.15,43.99,47.23
7.73,7.03,0.4,801.55,430.08,4.41,22.04,872.3,2.67,146.48,2.79,12.55,43.66,49
7.66,3.41,0.4,817.11,407.61,4.37,22.55,481.47,2.07,134.79,2.02,11.53,46.4,51.63
7.63,5,0.41,750.11,446.27,4.42,22.05,981.62,3.01,169.7,2.63,13.24,43.28,46.72
7.64,7.12,0.4,664.78,380.35,4.47,22.35,862.7,2.8,129,3.05,11.55,43.54,49.06
7.53,9.45,0.33,697.47,381.33,4.3,22.47,911.28,2.57,128.53,2.98,10.52,44.41,52.31
7.88,6.69,0.48,920.18,480.74,4.41,22.7,688.72,2.46,152.28,3.02,10.94,43.04,47.87
7.66,3.67,0.29,588.88,290,4.36,21.75,517.53,2.29,83.68,1.58,9.37,48.29,60.02
7.66,4.93,0.4,773.13,398.24,4.44,22.59,573.73,2.37,130.43,2.45,9.96,45.19,51.34
7.59,4.27,0.39,692.15,425.3,4.35,21.89,1003.01,2.92,163.89,2.21,12.69,44.28,47.33
8.09,8.72,0.46,917.5,455.42,4.29,22.8,699.17,2.3,128.53,3.27,10.83,42.41,46.52
7.86,7.15,0.49,764.13,417.1,4.44,22.83,930.82,2.81,157.8,3.47,13.2,41.95,44.08
7.29,1.4,0.19,389,195,4.47,20.8,1288,3.26,41.6,1.81,17.2,46.14,43.38
7.66,5.71,0.41,806.26,462.36,4.36,22.43,969.15,2.81,167.26,2.64,13.21,43.25,45.99
7.8,4.78,0.47,922.78,487.86,4.22,23.12,588.14,2.12,149.18,2,12.45,45.59,49.88
7.77,6.12,0.44,741.72,393.53,4.41,22.74,805.97,2.59,145.57,3,12.48,43.53,46.57
7.91,3.35,0.34,662.5,322.25,4.49,20.57,1071.5,3.11,95.2,1.84,13.83,44.08,46.12
7.56,6.36,0.33,599.16,359.19,4.39,22.32,818.86,2.59,121.53,2.53,11.4,45.1,51.02
7.77,8.43,0.39,783.5,392,4.36,21.65,908.75,2.68,102.4,2.6,10.32,43.69,51.85
7.71,5.29,0.34,709.98,342.29,4.37,22.68,547.85,2.08,109.27,2.08,8.52,46.19,51.34
7.8,7.46,0.42,896.97,479.41,4.2,22.86,975.49,2.51,151.71,2.49,14.38,43.41,48.09
7.66,6.11,0.39,773.6,419.92,4.33,22.54,757.29,2.49,117.72,2.31,11.56,44.86,50.33
7.64,4.76,0.38,748.56,381.48,4.41,22.51,598.43,2.34,125.01,2.34,10.48,45.56,51.16
7.62,5.43,0.35,718.93,383.98,4.37,22.06,829.63,2.59,123.31,2.32,12.94,45.17,50.11
7.57,7.68,0.38,746.69,434.57,4.32,22.17,1042.31,2.84,158.37,2.87,13.08,43.37,48.02
7.72,6.55,0.45,787.72,441.81,4.38,22.42,893.89,2.7,156.35,2.74,14.8,43.6,49.22
7.65,4.9,0.36,674.56,403.26,4.45,21.8,999.35,2.96,153.17,2.48,14.17,43.98,47.34
7.74,4.15,0.4,753.8,416.86,4.34,22.11,870.59,2.62,140.93,1.97,12.31,44.92,48.83
7.67,6.27,0.42,780.35,466.97,4.33,22.29,1022.86,2.8,171.24,2.65,15.69,43.29,47.27
7.65,6.14,0.37,709.45,424.57,4.42,21.89,1109.93,3.07,159.14,2.69,13.92,43.15,46.22
7.75,4.77,0.4,757.75,399.57,4.4,22.1,980.35,2.8,133.01,2.15,12.43,44.41,47.86
7.62,4.43,0.34,708.8,341.59,4.36,22.81,563.38,2.08,112.71,1.94,9.39,46.78,51.31
7.59,6.06,0.35,655.29,378.85,4.4,21.94,918.38,2.75,133.24,2.5,12.9,44.74,50.28
7.69,10.43,0.38,783.33,391.67,4.3,22.4,667.33,2.25,108.8,2.73,7.89,45.41,59
7.8,5.95,0.54,1015.77,533.4,4.51,23.02,560.77,2.41,176.53,3.05,9.79,43.34,50.07
7.97,6.32,0.4,812,406.1,4.42,20.66,597.2,2.46,94.4,1.98,9.33,44.47,54.69
7.8,7.67,0.4,799.34,437.81,4.29,22.79,753.94,2.41,137.06,2.99,12.15,43.31,47.09
8.15,5.66,0.71,1355.94,693.92,4.63,22.93,461.56,2.13,223.13,3.33,9.05,41.76,46.03
7.69,6.13,0.4,795.5,454.4,4.39,22.37,803.31,2.57,141.52,2.57,11.94,44.01,49.02
7.72,6.06,0.38,735.07,430.32,4.35,22.08,999.37,2.92,153.11,2.56,12.64,43.4,47.28
7.93,5.95,0.5,917.99,483.36,4.5,22.19,850.33,2.78,169.64,3.02,10.75,42.48,45.62
7.72,4.45,0.38,718.83,406.35,4.46,21.75,1023.8,3,150.37,2.42,14.42,43.8,46.67
7.73,6.89,0.38,733.14,433.01,4.29,22.4,911.22,2.67,145.3,2.75,12.85,43.49,47.27
7.92,6.37,0.45,907.67,452.83,4.23,22.93,871.5,2.4,128,2.44,12.73,43.31,44.96
7.61,6.2,0.33,668.32,362.99,4.36,22.18,740.52,2.5,102.52,2.26,10.2,45.51,52.59
7.8,4.82,0.41,786.77,425.45,4.41,22.16,1095.72,3,158.54,2.51,14.31,43.07,44
7.67,5.62,0.38,760.55,420.92,4.3,22.52,886.06,2.56,138.6,2.22,13.03,44.71,49.22
7.72,5.27,0.4,817.31,450.4,4.37,22.18,802.65,2.53,144.31,2.26,12.84,44.66,48.93
7.55,6.28,0.33,683.49,356.27,4.31,22.42,656.21,2.29,119.92,2.4,11.16,46.07,53.37
7.72,6.49,0.45,782.1,431.51,4.38,22.92,889.2,2.69,140.59,2.75,12.32,43.4,47.31
7.67,5.2,0.4,704.9,412.52,4.46,21.97,908.1,2.87,150.64,2.61,13.7,44,48.57
7.67,3.68,0.45,904.33,451.33,4.44,22.97,462.33,1.96,166.4,2.41,10.91,45.57,48.58
7.7,4.96,0.39,835.71,393.08,4.46,22.48,575.96,2.21,134.53,2.44,9.98,45.65,50.91
7.69,4.07,0.39,719.72,409.02,4.35,21.99,883.92,2.67,140.16,1.99,12.44,45.04,49.15
7.82,5.11,0.41,795.52,432.44,4.4,22.18,1147.13,3.06,159.1,2.56,14.84,42.73,43.49
7.8,9.26,0.43,887.33,490.97,4.26,22.81,1096.24,2.76,164.66,3.22,13.44,41.73,44.78
7.65,4.42,0.38,661.16,394.62,4.37,21.86,942.8,2.81,140.93,2.11,13.42,44.81,48.99
7.57,5.97,0.33,666.35,373.49,4.34,22.64,722.63,2.45,110.14,2.22,10.04,45.69,52.42
7.63,5.4,0.42,760.36,406.86,4.42,22.83,710.02,2.5,143.44,2.67,11.35,44.52,49.34
7.71,4.68,0.42,635.08,347.24,4.51,21.78,765.88,2.66,125.12,2.33,11.83,45.56,52.69
7.58,10.33,0.33,745.39,445.39,4.3,22.1,1102.33,2.75,139.56,3.01,13.41,43.16,49.84
7.6,7.61,0.35,718.26,418.96,4.33,22.27,989.57,2.73,140.81,2.69,12.65,43.88,48.93
7.86,4.92,0.4,857.61,409.39,4.33,22.73,900.88,2.52,117.89,1.79,10,44.91,51.07
7.89,4.45,0.45,908.25,452.5,4.29,22.22,572.25,2.19,110.4,1.8,12.48,45.33,49.41
8.16,4.35,0.49,1050.67,492.67,4.57,20.78,543.33,2.48,134.93,2.11,10.51,43.11,49.53
7.83,7.93,0.49,996.19,525.2,4.42,22.29,747.52,2.37,168.55,2.97,11.27,43.35,50.27
7.59,5.5,0.34,667.29,416.9,4.36,21.84,901.24,2.71,137.68,2.23,13.34,44.86,50.24
7.7,3.11,0.38,765.3,372.55,4.48,22.14,665.33,2.45,137.07,2.14,10.73,45.78,49.49
7.42,2.74,0.25,511.25,255,4.36,22.05,320.75,1.95,86.4,1.56,10.1,49.42,58.83
8.04,12.23,0.54,990.31,523.68,4.25,23.78,901.45,2.51,175.81,4.9,13.25,38.67,38.03
7.67,4.14,0.35,660.77,358.01,4.39,21.73,781.63,2.65,126.65,2.12,11.32,45.7,51.39
7.57,4.23,0.29,581.31,317.63,4.37,21.91,610.41,2.42,100.63,1.83,10.05,47.39,57.33
7.78,3.7,0.46,927.03,462.71,4.41,22.41,486.63,2.09,146.38,2.11,11.45,45.73,51.83
7.78,5.81,0.45,870.56,442.96,4.38,22.9,575.24,2.24,143.62,2.72,10.8,44.35,48.85
7.64,4.74,0.39,706.15,413.5,4.46,21.87,853.92,2.75,158.73,2.53,14.11,44.44,48.84
7.61,5.17,0.37,664.4,408.9,4.44,21.78,949.53,2.87,154.92,2.51,14.43,44.22,48.27
8,8.97,0.46,922.58,458.33,4.33,22.38,785.5,2.44,137.33,3.32,11.19,42.3,47.25
7.88,7.87,0.44,882.13,440.17,4.22,23.12,772.25,2.26,123.07,2.58,10.96,43.98,49.19
7.84,5.33,0.38,766.23,381.3,4.4,21.65,696.44,2.46,101.55,2.18,11.1,44.88,50.84
7.65,4.92,0.4,701.6,425.82,4.46,21.75,977.36,2.94,166.2,2.58,14.31,43.78,47.06
7.83,4.2,0.38,793.58,380.63,4.49,20.94,757,2.66,99.07,2.04,11.92,44.61,49.82
7.57,4.01,0.3,575.03,301.73,4.38,21.86,528.53,2.25,96.02,1.76,8.85,47.7,55.93
7.64,5.34,0.36,689.5,436,4.41,21.71,1308.08,3.43,178.53,2.67,15.76,42.23,43.33
8.01,1.34,0.23,864,238,4.82,21.19,956,3.25,60.8,1.58,9.28,45.33,46.98
7.77,4.53,0.46,737.25,401.27,4.55,21.35,749.64,2.74,148.36,2.58,13.44,44.29,49.54
7.73,4.27,0.41,833.63,415.6,4.4,22.2,584.01,2.24,128.88,2.12,11.09,45.78,52.26
7.66,4.44,0.37,753.22,370.44,4.32,22.41,571.86,2.16,108.72,1.77,10.77,46.97,54.46
7.61,4.17,0.36,682.51,390.21,4.37,22,779.29,2.55,140.4,2.13,12.82,45.5,50.21
7.87,9.84,0.47,871.88,484.72,4.3,23.16,957.19,2.7,171.01,4.1,13.67,40.37,41.03
7.53,8.44,0.29,720.83,469.58,4.29,22,1180.25,2.85,148.53,2.63,15.8,43.25,48.1
7.61,4.63,0.38,700.38,405.28,4.33,21.89,951.52,2.81,141.16,2.18,12.94,44.55,47.53
7.77,7.27,0.34,707.03,352.8,4.25,22.96,539.13,2.05,89.21,2.27,8.57,46.28,54.87
7.74,7.91,0.45,875.19,474.07,4.42,22.39,928.89,2.75,160.21,3.08,11,42.77,48.05
7.72,5.08,0.45,878.26,478.29,4.37,22.47,833.68,2.6,164.75,2.49,12.92,43.75,47.26
7.67,6.04,0.4,796.71,511.17,4.42,21.6,1260.58,3.25,192.67,2.71,14.61,41.9,42.73
7.75,5.47,0.48,768.23,422.12,4.56,22.14,773.39,2.81,152.39,2.93,12.09,43.54,48.75
7.85,5.34,0.51,965.98,499.52,4.5,22.52,628.36,2.48,160.23,2.73,10.3,43.69,50.01
7.85,4.19,0.52,721.4,368.57,4.62,21.01,528.2,2.47,139.89,2.6,13.86,45.28,52.46
7.63,5.4,0.34,697.2,390.52,4.36,22.07,751.17,2.49,123.25,2.21,11.78,45.3,50.76
7.92,9.74,0.46,863.2,450.46,4.32,22.82,656.96,2.28,139.61,3.7,11.73,42.33,46.81
7.97,4.87,0.45,393,354,4.17,20.76,1529,3.39,169.6,2.25,19.7,42.79,42.7
7.71,7.21,0.48,702.63,401.24,4.5,22.72,923.86,2.9,149.61,3.4,12.65,42.39,46.22
7.64,9.28,0.39,727.82,462.15,4.32,21.96,1325.88,3.16,172.44,3.19,13.99,41.73,44.61
7.62,6.51,0.38,778.02,467.62,4.32,22.52,939.73,2.65,156.5,2.57,13.88,43.69,47.11
7.6,6.82,0.37,687.95,465.01,4.33,21.94,1190.89,3.08,170.5,2.71,15.7,42.66,45.62
7.68,4.27,0.39,725.4,407.18,4.39,21.86,845.6,2.73,148.06,2.23,11.8,44.73,48.79
7.77,4.77,0.45,820.11,436.32,4.4,22.34,765.03,2.59,142.43,2.36,12.2,44.31,48.6
7.86,6.07,0.47,931.74,473.09,4.47,22.16,676.23,2.49,150.38,2.66,10.33,43.81,50.74
7.78,5.85,0.4,796.93,458.51,4.39,21.7,1025.14,2.88,157.84,2.45,13.21,43.14,46.34
7.72,6.28,0.44,809.56,444.39,4.35,22.25,869.6,2.67,149.02,2.54,13.03,43.85,49.13
7.72,6.22,0.31,630.44,315.12,4.35,21.76,581.14,2.26,79.91,2.05,8.58,46.48,55.74
7.64,8.23,0.33,677.75,339,4.32,22.06,529.75,2.17,89.6,2.36,7.61,47.07,61.6
7.71,4.63,0.41,785.2,423.45,4.43,22.01,783.48,2.65,145.77,2.39,11.94,44.47,49.28
7.6,5.71,0.33,652.48,380.24,4.34,22.09,802.96,2.52,122.3,2.19,11.78,45.35,50.81
7.72,5.84,0.44,759.83,424.66,4.4,22.08,875.23,2.63,153.1,2.55,14.69,44.27,49.53
7.84,7.27,0.42,823.8,423.84,4.28,22.93,621.5,2.2,128.6,2.91,11.41,43.86,48.19
7.7,3.05,0.39,840.54,401.84,4.49,22,569.18,2.37,142.26,2.2,12.3,45.79,51.01
7.43,7.19,0.24,618.63,448,4.37,21.68,987.88,2.71,121.6,2.2,13.73,44.62,49.25
7.64,3.18,0.32,687.55,331.11,4.48,21.39,827.62,2.68,97.17,2.01,12.72,45.67,48.97
7.66,7.83,0.45,639.29,396.96,4.46,21.65,974.94,2.85,154.4,3.17,15.05,43.45,48.91
7.11,5.22,0.49,613,436,4.76,24.98,622,3.63,201.6,4.6,8.52,41.1,47.58
7.73,5.32,0.37,721.88,388.16,4.44,21.46,793.74,2.67,117.4,2.32,12.1,44.44,49.75
7.69,4.31,0.39,752.89,397.29,4.33,22.07,727.06,2.42,119.56,1.9,12.36,45.91,50.99
7.63,5.14,0.45,811.2,440.09,4.43,23.16,711.58,2.55,159.61,2.78,11.82,43.98,48.4
7.78,5.29,0.45,813.14,423.86,4.39,22.63,912.14,2.67,145.02,2.45,12.89,43.95,47.02
7.68,5.74,0.35,699.32,392.63,4.36,21.78,722.83,2.46,116.08,2.19,11.81,45.24,51.66
7.63,4.97,0.37,684.57,409.65,4.38,21.7,1082.1,3.06,163.75,2.42,13.01,43.71,46.34
7.65,3.66,0.35,726.82,374.11,4.39,22.28,567.72,2.31,120.53,1.93,10.27,46.76,54.86
7.89,3.05,0.36,715.39,300.96,4.7,21.18,947.29,3.13,108.59,2.18,12.1,44.67,47.39
7.71,4.25,0.38,724.27,406.85,4.35,21.95,851.05,2.62,140.48,2.03,12.48,45.13,49.7
7.7,4.78,0.41,834.84,443.58,4.41,22.54,836.56,2.62,158.19,2.52,12.71,44.07,46.86
7.92,8.79,0.38,766.75,383,4.33,21.83,543.75,2.22,91.47,2.53,7.9,44.98,56.21
7.77,5.54,0.51,969.24,505.8,4.5,22.88,523.04,2.33,167.06,2.87,9.77,44.06,51.04
7.6,4.28,0.5,885.83,485.44,4.52,23.35,582.5,2.66,173.69,2.99,11.08,43.53,49.05
7.78,5.96,0.43,782.48,399.5,4.42,22.16,657.68,2.42,121.2,2.44,11,44.94,52.25
7.73,4.67,0.51,703.62,388.53,4.6,21.81,623.36,2.55,136.87,2.76,13.6,44.94,50.12
7.45,4.81,0.32,580.53,377.6,4.36,22.1,829.28,2.72,144.32,2.35,13.24,45.3,50.75
7.7,6.37,0.39,786.91,441.72,4.25,22.79,982.21,2.66,149.82,2.42,13.74,43.92,47.95
7.85,5.92,0.43,852.38,421.5,4.44,21.69,860.63,2.68,132.8,2.52,12.08,43.76,49.13
7.65,5.13,0.33,688.47,337.67,4.34,22.41,618.79,2.2,101.22,1.98,9.57,46.57,52.7
7.81,3.71,0.39,839.35,394.6,4.43,22.54,895.44,2.57,132.27,1.98,10.84,44.84,47.62
7.78,4.99,0.43,751.69,457.78,4.32,21.91,1115.03,2.97,168.53,2.21,13.51,43.26,45.04
7.65,4.6,0.41,790.95,432.97,4.4,22.5,769.81,2.54,155.01,2.48,12.98,44.49,47.59
7.72,4.77,0.39,782.45,410.95,4.35,22.14,802.56,2.49,132.86,2.02,12.1,45.41,50.81
7.64,6.63,0.41,803.19,468.78,4.37,22.75,898.49,2.76,136.43,2.55,12.1,43.38,47.74
7.7,5.61,0.39,773.47,427.76,4.4,22.03,892.82,2.69,150.19,2.45,12.69,43.97,47.57
7.71,4.63,0.43,822.34,431.4,4.44,22.17,657.86,2.52,143.4,2.44,10.93,44.66,50.58
7.57,4.43,0.34,664.2,353.91,4.37,22.57,693.03,2.33,129.16,2.15,11.34,46.06,50.05
7.86,5.75,0.48,707.37,398.78,4.49,21.77,826.3,2.67,144.85,2.77,13.31,43.98,49.06
7.79,5.94,0.44,854.91,435.77,4.47,22.79,603.47,2.36,145.17,2.71,8.82,44.36,50.1
7.94,3.41,0.48,921.25,451,4.52,21.72,812.5,2.68,163.2,2.43,13.84,43.83,46.4
7.75,8.36,0.42,832.25,412.35,4.34,22.66,845.7,2.49,137.76,2.83,9.91,44.13,51.7
7.68,4.02,0.31,571.56,295.49,4.4,22.16,844.96,2.65,104.72,2.01,11.21,46.01,50.35
8.25,3.92,0.53,1251,528.5,4.76,21.94,672.5,2.53,156.8,2.56,8.56,43.02,45.6
7.73,3.49,0.38,766.63,382.75,4.28,22.37,731.88,2.36,96.8,1.38,11.59,46.48,52.93
7.87,4.8,0.46,924.92,461.37,4.22,22.93,442.83,1.95,118.55,1.49,9.87,46.61,56.44
7.63,5.21,0.35,708.42,431.21,4.38,21.73,977.38,2.8,156.13,2.33,13.97,44.25,47.93
7.57,4.65,0.35,648.48,358.02,4.41,22.79,755.67,2.42,136.2,2.28,10.85,45.51,48.38
7.8,4.84,0.4,790.31,414.39,4.4,21.63,815.81,2.63,128.7,2.12,11.95,44.54,49.57
7.57,6.22,0.32,652.9,444.12,4.36,21.45,1044.58,2.88,147.25,2.31,14.34,44.16,48.89
7.61,5.44,0.35,657.87,395.76,4.43,21.85,990.31,2.93,149.94,2.54,13.93,44.07,48.01
7.64,4.8,0.36,686.45,367.88,4.35,22.05,673.67,2.45,117.87,2.05,9.88,45.78,51.72
7.81,4.59,0.45,897.17,446.23,4.42,22.12,636.23,2.33,140.95,2.27,11.7,44.94,50.75
7.79,6.13,0.44,844.85,436.54,4.28,23.07,842.58,2.44,142.18,2.44,12.54,44.28,49.16
7.66,5.33,0.38,702.65,388.4,4.32,22.87,744.25,2.37,131.52,2.21,11.5,45.13,48.26
7.51,6.09,0.24,619.25,419,4.31,21.44,903,2.67,124.8,2.21,14.7,45.61,54.5
7.7,4.7,0.46,923.58,459.83,4.29,22.47,385.5,1.87,125.6,1.65,12.02,47.49,55.42
7.69,4.66,0.31,626.98,309.92,4.35,21.83,572.3,2.33,86.27,1.78,9.4,47.46,58.56
7.72,4.45,0.34,724.4,346.18,4.36,22.36,725.25,2.39,99.63,1.71,8.97,46.69,55.88
7.64,6.67,0.35,706.38,386.82,4.3,22.93,847.19,2.51,118.99,2.47,10.57,44.62,49.69
7.78,5.68,0.38,767.6,393.54,4.34,22.32,781.17,2.49,115.86,2.23,10.95,44.98,51.19
7.81,6.05,0.4,828.91,410.88,4.36,22.04,627.75,2.3,114.67,2.18,10.42,45.32,52.75
7.64,4.81,0.4,750.67,453.57,4.4,21.67,1041.47,3.05,174.72,2.46,13.07,43.3,46.02
7.67,4.16,0.36,736.86,401.88,4.43,21.94,821.35,2.63,146.6,2.23,12.35,45.01,48.71
7.78,5.97,0.41,821.78,408.12,4.42,21.88,815.85,2.57,122.95,2.43,11.36,44.5,50.79
7.73,4.8,0.39,801.41,402.71,4.49,21.78,684.71,2.52,131.64,2.32,11.86,45.24,51.66
7.81,4.02,0.45,603.62,331.98,4.61,21.13,891.25,2.98,137.26,2.54,14.02,44.57,48.42
7.73,4.44,0.42,814.73,427.52,4.41,21.97,699.88,2.51,140.91,2.22,10.97,44.92,50.42
7.81,4.21,0.41,866.07,415.72,4.37,22.58,762.5,2.38,128.46,1.95,11.2,45.28,49.13
7.79,4.56,0.48,922.75,497.39,4.32,22.6,706.35,2.38,158.97,2.19,14.38,44.66,47.58
7.94,4.7,0.47,970.64,464.43,4.53,21.99,730.37,2.54,146.44,2.36,10.72,44.28,48.54
7.89,8.17,0.43,899.17,474.28,4.23,22.77,889.71,2.46,147.09,2.81,13.35,43.05,48.23
7.7,6.84,0.39,824.99,477.59,4.24,22.42,1143.66,2.83,175.71,2.61,17.41,42.96,47.86
7.7,4.77,0.38,647.21,359.43,4.46,21.55,804.61,2.66,116.65,2.26,13.33,45.34,50.34
7.64,5.36,0.32,644.92,348.24,4.38,21.86,799.66,2.6,114.22,2.2,11.17,45.58,51.86
7.78,7.17,0.42,868.49,465.56,4.29,22.48,735.58,2.39,142.14,2.69,13.09,43.9,49.06
7.64,5.49,0.39,706.55,443.46,4.46,21.74,1110.18,3.13,172.28,2.73,15.72,42.89,45.36
7.64,5.26,0.39,705.57,396.21,4.34,22.71,746.64,2.44,138.61,2.37,12.25,44.9,48.57
7.61,4.68,0.35,695.67,361.47,4.34,22.5,662.16,2.26,117.48,2.01,11.17,46.38,51.22
7.62,8.21,0.35,732.8,382.69,4.32,22.42,906.74,2.56,122.66,2.66,10.49,44.58,51.79
7.69,3.38,0.38,767.25,383.08,4.33,22.41,613.25,2.22,108.8,1.63,11.02,46.72,53.22
7.79,12.38,0.43,893.21,494.25,4.3,22.54,1202.17,2.9,166,3.96,12.21,40.4,44.45
7.94,7.19,0.55,1096.67,546.67,4.09,24.4,1035.33,2.31,181.33,2.87,14.52,41.93,39.62
7.55,5.36,0.34,665.79,410.6,4.37,22.07,928.68,2.74,150.27,2.4,13.81,44.47,47.91
7.63,9.32,0.41,788,496,4.34,23.75,1304.25,3.18,171.2,3.72,13.08,39.86,39.83
7.76,4.46,0.42,846.71,422.89,4.21,23.05,497.42,2,111.16,1.33,9.34,47.38,58.94
7.9,8.27,0.41,816.8,444.67,4.28,22.61,890.97,2.65,142.03,3.19,12.51,42.23,45.62
7.79,4.99,0.46,921.88,459,4.26,22.63,421.63,1.92,119.41,1.76,11.75,46.74,53.59
7.6,4.7,0.4,767.08,395.02,4.42,22.72,598.28,2.34,139.75,2.48,10.73,45.38,50.85
7.61,6.62,0.37,699.57,459.29,4.34,21.97,1130.04,2.98,165.81,2.65,15.25,43.01,46.26
7.67,6.18,0.38,734.56,407.99,4.42,22.11,740.36,2.55,138.5,2.6,11.56,44.61,50.93
7.87,3.35,0.55,1097.83,546,4.22,22.98,436.83,1.9,146.13,1.59,14.03,45.97,48.54
7.69,4.23,0.4,778.16,412.91,4.31,22.23,740.17,2.42,125.5,1.93,12.53,45.69,50.14
7.77,4.77,0.49,566.79,363.93,4.57,21.18,938.58,3.01,156.38,2.78,14.93,44.01,47.8
7.69,5.4,0.37,726.99,414.69,4.37,22.17,954.44,2.76,145.66,2.36,13.02,44.01,46.92
7.72,4.62,0.51,1013.1,542.31,4.25,23.24,788.24,2.39,175.22,2.09,14.74,44.52,46.28
7.54,10.55,0.32,877.5,657,4.24,21.82,1689,3.42,217.6,3.17,22.61,39.18,39.6
7.48,5.24,0.39,700.94,484.11,4.38,21.64,1278.94,3.43,211.2,2.73,13.91,42.19,42.8
7.71,5.03,0.4,715.53,423.69,4.41,21.88,1234.33,3.2,167,2.43,13.62,42.91,44.53
7.81,5.14,0.4,801.9,408.5,4.39,22.27,1033.02,2.8,136.43,2.23,12.71,43.91,46.92
7.67,5.76,0.39,756.36,411.82,4.37,22.1,836.67,2.6,134.11,2.36,12.54,44.81,49.9
7.55,12.64,0.36,763.94,447.5,4.28,22.52,1303.06,3.01,156.27,3.76,11.82,41.44,46.63
7.72,5.36,0.43,778.76,446,4.41,22.23,831.8,2.65,153.81,2.54,13.67,43.94,47.82
7.74,5.82,0.4,824.53,407.33,4.26,23.07,757.64,2.24,127.93,2.27,11.22,45.02,48.34
7.7,7.13,0.39,689.67,398.62,4.38,22.41,860.61,2.68,133.22,2.73,11.51,44.13,49.72
7.62,5.39,0.35,686.92,420.05,4.41,21.66,1036.68,3,154.07,2.48,13.13,43.91,47.92
7.57,4.95,0.38,617.99,414.76,4.4,21.68,1119.21,3.16,173.08,2.56,14.6,43.45,45.88
7.78,7.83,0.42,781.26,457.06,4.36,22.2,1113.85,3.02,165.03,3.16,13.42,41.84,44.3
7.81,4.98,0.4,832.03,404.29,4.37,22.35,683.3,2.32,116.93,1.99,10.13,45.4,51.68
7.73,6.12,0.4,769.34,459.85,4.4,22.16,919.71,2.84,158.92,2.65,12.76,42.96,46.82
7.85,4.46,0.5,794.72,396.81,4.54,21.44,541.47,2.37,134.17,2.4,13.03,45.38,52.04
7.59,4.45,0.3,598.97,333.96,4.4,21.78,762.6,2.63,118.32,2.16,11.53,46.17,53.08
7.65,5.68,0.41,718.52,455.6,4.46,21.91,1107.15,3.13,173.96,2.83,15.6,42.61,44.67
7.73,4.75,0.49,595.75,365.58,4.64,21.25,840.18,2.95,154.18,2.86,14.13,44.22,48.65
8.05,6.64,0.49,975.09,482.19,4.48,21.75,777.75,2.52,147.14,2.61,10.11,43.34,49.71
7.69,5.87,0.48,986.13,511.77,4.25,22.93,633.03,2.14,158.68,2.25,13.44,45.22,49.52
7.72,8.45,0.37,750.44,465.74,4.3,22.52,1018.82,2.81,153.96,3.16,13.64,42.2,44.89
7.65,6.55,0.36,727.81,404.27,4.3,23.02,906.99,2.59,125.38,2.54,11.21,44.04,47.78
7.73,5.62,0.39,803.67,414.14,4.23,22.82,820.28,2.35,124.89,1.99,12.22,45.29,50.26
7.71,6.83,0.45,755.28,425.21,4.43,22.7,895.84,2.78,140.91,2.96,12.35,43.02,47.16
7.75,6.89,0.41,793.53,454.04,4.39,22.29,781.62,2.57,145.51,2.8,11.64,43.72,49.33
7.65,5.08,0.39,713.07,422.11,4.38,21.89,833.16,2.72,148.49,2.39,12.95,44.56,50.53
7.78,5.11,0.41,813.78,403.6,4.43,21.85,685.22,2.43,128.43,2.33,11.27,45.07,51.39
7.73,6.42,0.33,674.64,337.07,4.34,21.88,598.81,2.26,86.06,2.1,8.95,46.17,55.07
7.61,4.91,0.35,706,352.21,4.31,22.23,676.21,2.32,93.2,2,11.92,46.54,52.42
7.68,4.44,0.38,743.74,404,4.39,22.14,786.79,2.54,136.86,2.18,12.61,45.22,49.9
7.68,6.46,0.44,876.33,506.83,4.32,23.11,1069.11,2.83,183.11,2.92,14.71,42.17,42.81
7.66,4.32,0.32,626.43,322.65,4.37,21.82,538.35,2.26,89.61,1.73,9.16,47.16,55.72
7.77,4.59,0.5,1014.3,502.6,4.22,23.23,556.73,1.99,147.51,1.86,12.67,45.98,49.94
7.65,4.14,0.35,700.85,357.64,4.39,22.28,756.48,2.48,127.54,2.08,11.38,45.83,50.98
7.71,5.11,0.42,850.24,463.06,4.39,22.64,916.27,2.71,167.85,2.65,13.33,43.42,45.35
7.71,5.05,0.36,725.07,361.53,4.23,23.21,629.93,2.04,109.01,1.82,9.81,46.19,49.56
7.64,4.8,0.39,725.06,407.01,4.36,22.1,816.56,2.62,151.54,2.31,11.91,44.8,48.81
7.89,6.14,0.44,663.53,429.83,4.16,21.98,1279.1,2.95,167.7,2.39,17.58,42.92,44.61
7.53,5.39,0.37,749.53,451.48,4.31,22.23,1017.35,2.84,184.19,2.58,14.66,43.63,46.08
7.8,6.1,0.41,838.28,415.54,4.26,22.86,778.21,2.31,118.54,2.05,10.66,45,50.25
7.67,4.75,0.3,609,304,4.44,20.9,168,1.81,67.2,1.3,8.7,49.64,64.37
7.8,5.86,0.42,856.17,426.75,4.27,22.55,426.58,1.98,117.07,2,10.07,46.22,54.71
7.66,4.28,0.32,634.73,334.93,4.38,21.78,750.7,2.54,115.84,2.08,11.63,46.28,52.82
7.57,4.55,0.32,664.21,374.16,4.35,22.11,643.52,2.38,118.96,2,11.35,46.48,54.1
7.69,4.4,0.37,699.05,386.85,4.36,22.06,885.28,2.68,128.48,1.97,12.1,45.24,50.7
7.69,5.02,0.4,803.99,457.3,4.31,22.21,699.49,2.39,139.54,2,13.34,45.47,50.66
7.61,5.62,0.38,689.67,365.13,4.42,22.86,764.44,2.48,130.51,2.57,10.71,44.82,48.4
7.86,6.59,0.55,999.83,529.25,4.58,22.9,659.08,2.63,181.07,3.33,9.13,42.54,48.85
7.62,3.17,0.38,768.5,383.75,4.42,22.49,376,1.95,132.8,2.12,9.88,47.19,53.79
7.75,4.79,0.41,752.53,413.97,4.44,22.04,1025.2,3,155.75,2.52,13.12,43.34,44.99
7.96,5.67,0.5,1006.88,501.56,4.21,23.1,609.75,2.07,136.22,1.92,11.6,44.78,49.49
7.64,4.95,0.45,835.52,443.23,4.47,22.77,598.13,2.52,148.63,2.71,10.64,44.4,50.98
7.77,5.68,0.38,754.12,387.29,4.36,21.94,635.64,2.35,110.31,2.22,10.98,45.15,51.56
7.66,4.7,0.37,746.03,413.13,4.4,22.12,813.97,2.6,145.27,2.31,12.53,44.91,49.23
7.67,3.95,0.38,748.35,391.66,4.38,22.07,664.4,2.41,129.7,2.06,11.61,45.76,50.77
7.78,4.49,0.49,604.23,353.7,4.61,21.12,838.02,2.9,150.88,2.71,13.85,44.56,49.16
7.63,6.05,0.39,691.33,395.27,4.43,22.02,788.27,2.61,131.95,2.58,13.49,44.68,50.43
7.65,6.84,0.39,749.14,464.01,4.37,21.77,1298.71,3.27,186.6,2.9,15.24,41.98,43.74
7.84,4.34,0.38,696.06,357.82,4.46,21.37,1021.96,2.99,111.65,2.16,13.41,43.78,46.27
7.73,5.64,0.38,745.16,392.92,4.39,21.99,773.82,2.55,127.03,2.32,11.76,44.89,50.81
7.86,9.87,0.44,908.41,490.07,4.34,22.45,950.51,2.6,154.64,3.34,11.42,42.11,47.21
7.77,6.87,0.36,727.48,362.53,4.38,21.73,687.63,2.42,98.28,2.43,10.07,45.25,53.45
7.71,4.73,0.44,832.59,433.09,4.45,22.47,623.02,2.51,140.45,2.52,10.98,44.55,50.95
7.97,6.25,0.57,744.06,428.07,4.56,21.53,795.77,2.68,162.52,3.23,14.59,42.97,46.65
7.64,4.88,0.46,599.73,343.59,4.6,22.1,668,2.75,130.93,2.92,12.22,44.56,50.24
7.99,7.85,0.49,980.14,488.12,4.44,21.85,687.62,2.38,140.18,2.69,9.02,43.55,52.25
7.85,5.1,0.42,835.69,420.03,4.38,22.29,580.7,2.28,123.05,2.18,10.85,44.93,50.44
7.64,5.93,0.37,705.25,428.77,4.38,22.02,1030.21,2.9,153.2,2.55,14.24,43.62,47.37
7.7,5.76,0.43,891.06,442.38,4.44,22.07,761.89,2.58,161.39,2.83,13.43,43.96,49.03
7.6,4.14,0.35,702.01,386.79,4.33,22.23,730.42,2.41,122.14,1.87,12.4,46.01,51.26
7.5,6.08,0.36,649.33,432.8,4.44,22.35,1024.07,3.04,161.81,2.82,12.77,43.2,46.04
7.57,7.53,0.37,715.5,448.66,4.35,22.02,1144.69,3.03,165.56,2.85,13.72,42.87,46.66
7.63,6.18,0.33,679.05,339.2,4.31,22.41,647.7,2.23,97.01,2.14,9.63,46.49,54.27
7.59,9.2,0.33,700.4,387.18,4.31,22.32,903.53,2.55,125.19,2.8,10.18,44.58,52.73
7.69,4.74,0.48,604.13,362.25,4.58,21.5,727.75,2.7,141.28,2.67,14.01,45.06,50.82
7.77,5.29,0.47,693.56,401,4.53,21.94,981.94,2.98,158.65,2.9,15.36,43.16,45.88
7.71,4.3,0.42,834.47,424.11,4.28,22.63,588.84,2.16,120.29,1.88,12.49,46.12,50.29
7.64,8.46,0.39,713.14,416.14,4.38,21.99,1117.61,3,152.8,3.06,12,42.93,47.79
7.85,6.12,0.39,801.2,393.62,4.42,21.7,690.99,2.44,110.68,2.27,10.07,44.95,52.61
7.62,5.22,0.36,720.7,397.11,4.35,22.61,761.88,2.45,142.68,2.49,12.84,44.73,47.68
7.6,5.51,0.4,685.11,476.94,4.34,21.53,1340.44,3.39,205.33,2.69,15.78,42.05,42.6
7.77,9.6,0.43,888.05,475.21,4.29,22.52,1005.38,2.67,148.28,3.24,12.57,42.31,46.22
7.85,4.22,0.45,860.75,441.29,4.44,22.2,898.58,2.71,161.91,2.42,11.66,43.81,45.32
7.65,3.87,0.27,531.5,259.67,4.4,21.47,653.7,2.49,83.84,1.89,10.36,47.64,56.59
7.84,4.82,0.51,1023.13,509.5,4.1,24.3,985,2.27,162.8,1.87,13.72,44.23,44
7.93,3.88,0.45,896.83,441.58,4.51,21.41,691,2.58,145.33,2.18,11.1,43.93,48.04
7.7,5.16,0.39,803.45,441.33,4.33,22.14,678.93,2.34,131.88,2.01,12.53,45.69,51.33
7.93,7.3,0.45,735.53,391.9,4.41,22.17,771.99,2.58,129.09,3.1,12.49,43.28,47.65
7.69,4.5,0.37,754.85,399.45,4.37,22.19,743.88,2.45,136.22,2.18,11.94,45.47,50.22
7.6,5.11,0.33,666.48,332.16,4.34,22.11,687.46,2.35,96.73,2.08,11.27,46.36,52.16
7.79,6.17,0.4,796.44,404.62,4.37,22.22,766.01,2.45,123,2.45,10.8,44.68,50.91
7.67,6.08,0.34,686.87,380.89,4.38,21.83,752.78,2.57,119.55,2.33,10.89,45.05,52.17
7.56,5.62,0.37,674.32,434.47,4.44,21.93,1017.62,3,166.02,2.68,14.65,43.53,47.15
7.57,5.21,0.37,656.1,414.31,4.34,22.17,971.32,2.83,160.39,2.42,13.51,44.16,47.2
7.66,5.09,0.36,679.27,359.75,4.37,22.16,749.28,2.51,122.64,2.17,10.74,45.66,51.39
7.71,6.44,0.46,906.87,523.4,4.34,22.98,1083.56,2.89,188.37,2.99,15.07,41.85,42.59
7.59,5.2,0.37,682.24,421.14,4.44,21.94,958.82,2.9,159.5,2.57,14.11,43.97,47.76
7.75,5.55,0.39,766.5,397.25,4.36,22.6,649.49,2.28,126.62,2.26,10.54,45.11,49.8
7.8,5.95,0.4,829.9,452.87,4.4,21.97,1066.49,2.84,149.05,2.36,12.75,43.37,46.79
7.8,6.14,0.52,872.37,484.44,4.58,22.37,751.47,2.76,174.92,3.18,10.97,42.93,48.42
7.76,4.13,0.41,846.28,409.48,4.39,22.67,701,2.34,141.33,2.26,11.39,45.2,48.25
7.61,4.6,0.54,575.67,353.36,4.7,22.49,639.83,2.88,155.84,3.4,13.2,43.93,48.7
7.54,3.9,0.28,581.9,290.1,4.26,23.14,550.8,1.95,90.88,1.44,8.8,47.91,51.71
7.72,4.8,0.49,918.02,486.93,4.49,22.43,711.39,2.65,181.25,2.92,12.86,43.44,48.22
7.69,5.28,0.37,751.15,373.66,4.32,22.31,638.7,2.26,105.72,2.08,11.22,46.15,52.09
7.81,4.64,0.43,869.18,432.61,4.4,22.06,623.19,2.32,130.26,2.17,11.39,45.13,51.51
7.68,5.64,0.32,657.99,328.89,4.36,21.66,699.27,2.41,85.43,1.99,10,46.09,53.71
7.93,5.39,0.43,754.73,426.16,4.5,20.7,798.29,2.77,130.67,2.21,12.58,43.63,49.8
7.7,4.42,0.36,747.98,397.2,4.45,22.08,908.93,2.81,143.84,2.34,12.68,44.39,47.63
7.66,4.42,0.45,704.36,411.99,4.53,21.68,912.84,3.01,165.94,2.65,11.27,43.75,46.21
7.67,5.22,0.38,731.25,417.71,4.42,21.68,910.79,2.79,151.78,2.42,13.16,44.2,48.55
7.79,5.93,0.39,800.78,397.21,4.31,22.32,742.76,2.37,108.41,2.04,10.46,45.08,51.4
7.69,4.59,0.36,707.05,363.2,4.4,21.85,738.38,2.53,117.81,2.15,10.97,45.59,51.13
7.75,7.7,0.37,748.6,374.4,4.37,21.5,760.6,2.51,95.36,2.34,10,44.88,54.36
7.63,10.07,0.36,745.25,372.85,4.29,22.48,799.2,2.43,104.8,2.85,8.51,45.09,57.13
7.72,4.39,0.35,706.56,359.02,4.39,21.87,678.4,2.41,109.48,1.99,10.93,45.97,52.16
7.6,10.08,0.38,814.76,452.56,4.32,22.32,1093.23,2.8,159.59,3.39,13.66,42.42,47.83
7.58,5.08,0.34,677.32,403.19,4.35,22.03,752.92,2.47,131.09,2.14,12.88,45.52,50.85
7.84,6.09,0.44,894.18,445,4.3,22.43,619.18,2.21,121.28,2.32,11.96,45.02,50.38
7.53,7.91,0.31,738.99,507.88,4.36,21.73,1036.31,2.73,130.42,2.26,14.28,43.74,47.69
7.76,6.96,0.41,781.79,427.87,4.31,22.74,866.66,2.6,136.43,2.74,12.14,43.53,47.53
7.83,4.15,0.36,687.75,342.98,4.43,21.86,965.33,2.82,123.86,2.1,12.74,44.68,46.99
7.64,7.39,0.38,859.25,554.5,4.25,22.02,1515.54,3.4,228.47,3.08,21.81,40.39,41.43
7.77,4.82,0.4,865.52,439.74,4.46,22.43,1009.07,2.92,156.33,2.56,13.24,43.13,44.26
7.72,5.1,0.46,628.14,389.81,4.56,21.22,950.46,3,161.29,2.75,14.53,43.91,47.8
7.54,2.87,0.33,665.75,328.35,4.38,22.64,636.7,2.27,134.56,2.03,12.39,46.49,48.92
7.77,4.98,0.38,776.64,413.03,4.31,22.17,587.46,2.24,115.38,1.96,11.63,46.03,52.55
7.7,7.57,0.41,806.8,471,4.31,23.36,1159.43,2.94,151.89,3.01,12.9,41.59,42.52
7.64,4.83,0.38,726.45,420.28,4.32,22.01,864.18,2.62,135.74,2.08,13.35,45.07,49.37
7.61,5.12,0.35,658.85,391.56,4.4,21.66,1100.5,3.1,160.48,2.47,13.02,43.81,46.49
7.9,2.94,0.32,825.44,326.66,4.62,21.68,982.74,3.07,106.8,2.01,11.47,44.47,46.09
7.73,5.16,0.45,830.22,466.03,4.49,22.2,822.51,2.73,165.9,2.76,13.11,43.51,47.65
7.59,3.92,0.35,715.43,356.54,4.31,22.31,413.88,1.98,106.3,1.7,11.15,47.94,55.81
7.77,6.4,0.41,788.17,434.13,4.33,22.45,872.06,2.62,142.84,2.63,12.82,43.7,47.52
7.96,5.19,0.43,907.11,431.84,4.49,21.12,589.36,2.45,116.62,2.15,10.19,44.37,52.34
7.81,5.13,0.39,817.57,397.43,4.46,21.24,750.33,2.61,111.95,2.25,11.75,44.41,50.45
7.4,3.82,0.25,510,255.08,4.39,21.61,903.75,2.69,71.2,2,13.21,46.76,50.68
7.64,8.5,0.39,719.04,429,4.39,21.98,1215.58,3.14,163.33,3.18,12.73,42.24,45.49
8.06,4.59,0.48,994.58,493.84,4.52,21.08,746.02,2.68,154.38,2.3,11.88,42.81,47.5
7.9,6.54,0.5,1004.01,500.84,4.42,22.57,539.05,2.08,154.34,2.62,9.49,44.51,51.11
7.67,7.98,0.46,943,565,4.25,23.64,1184.33,2.9,196.8,3.26,16.22,40.88,40.94
7.69,4.38,0.4,751.83,418.62,4.41,22.05,857.19,2.67,144.91,2.24,13.56,44.68,48.9
7.77,3.76,0.43,818.42,415.84,4.54,22.19,680.23,2.58,146.75,2.46,11.41,44.74,49.1
7.61,3.16,0.29,591.8,296.33,4.29,22.15,441.18,2.1,70.88,1.13,7.73,49.36,64.21
7.92,3.26,0.41,920,411.75,4.45,23.01,1366.25,3,140.8,1.65,10.65,43.44,43.68
7.7,6.69,0.34,684,342.17,4.37,21.43,653.33,2.41,84.8,2.16,9.46,46.08,56.87
7.52,9,0.38,708.38,487.6,4.4,22.35,1263.42,3.29,174.7,3.37,13.64,41.3,44.28
7.63,3.99,0.38,619.13,388.81,4.35,21.65,1020.92,2.94,154.67,2.17,13.2,44.58,47.54
7.68,5.58,0.37,744.01,371.07,4.3,22.33,616.08,2.22,99.02,2.06,11.03,46.35,52.93
7.64,6.65,0.42,703.03,426.72,4.47,21.95,844.83,2.74,146.67,2.83,14.58,43.85,49.64
7.61,4.94,0.35,683.14,394.83,4.35,22.26,823.55,2.55,139.95,2.21,12.64,45.11,48.97
7.84,7.29,0.41,796.88,456.41,4.34,22.33,1008.58,2.87,157.48,3.05,13.4,42.15,44.81
7.74,5.07,0.36,743.74,361.47,4.35,22.6,534.2,2.09,108.41,1.98,9.07,46.22,51.8
7.75,5.03,0.39,623.2,341.17,4.51,21.52,885.08,2.86,121.86,2.45,12.94,44.71,49.57
7.78,6.68,0.47,848.44,495.55,4.44,22.23,963.38,2.89,176.01,3.07,12.91,42.19,45.33
7.7,5.17,0.36,725.36,361.44,4.33,22.28,581,2.2,106.41,2.03,10.25,46.23,52.78
7.77,5.68,0.39,795.94,393.6,4.32,22.24,557.97,2.16,104.73,2.02,10.37,46.12,53.45
7.65,5.38,0.4,698.03,434.03,4.48,21.78,1046.14,3.03,166.2,2.73,15.52,43.23,45.95
7.88,6.44,0.41,859.81,447.09,4.42,21.13,736.06,2.58,128.2,2.34,11.79,43.66,51.27
7.55,8.24,0.39,736.25,553.42,4.38,21.75,1424.92,3.38,205.87,3.18,19.86,40.63,41.84
7.72,4.96,0.44,848.67,438.71,4.45,22.51,656.88,2.46,157.26,2.64,11.41,44.36,49.26
7.65,5.2,0.39,727.75,396.99,4.36,22.64,718.59,2.42,139.12,2.41,12,44.99,49.01
7.62,6.42,0.39,795.85,477.8,4.4,22.4,976.36,2.87,163.71,2.8,14.15,42.93,46.91
7.61,6.75,0.34,666.53,446.12,4.33,22.07,1103.2,2.99,156.24,2.59,14.36,43.2,46.56
7.84,5.27,0.4,858.1,404.71,4.36,22.74,1106.63,2.72,125.4,2.06,11.06,43.94,46.85
7.81,6.28,0.46,745.81,412.92,4.51,21.64,874.46,2.78,148.78,2.73,12.37,43.94,49.69
7.73,5.69,0.41,773.73,446.75,4.37,22.25,833.07,2.69,149.45,2.5,12.69,43.68,47.85
7.55,5.64,0.31,629.29,412.6,4.36,21.55,923.94,2.72,137.11,2.18,13.64,45.04,50.55
7.65,9.06,0.4,855.13,456.96,4.36,22.28,1019.01,2.75,159.8,3.26,13.41,42.67,47.8
7.79,5.74,0.43,852.55,433.63,4.35,22.84,645.22,2.32,135.38,2.49,10.59,44.37,49.32
7.83,7.35,0.42,836.6,453.38,4.27,22.7,904.84,2.61,140.97,2.76,12.64,43.04,46.47
7.69,8.47,0.41,764.21,407.92,4.26,22.55,926.54,2.61,128.27,2.58,9.95,44.34,53.01
7.71,5.47,0.43,827.41,443.6,4.32,22.38,697.67,2.37,143.73,2.26,11.54,45.12,50.32
7.79,5.49,0.38,731.7,385.72,4.37,21.63,755.03,2.53,112,2.14,10.97,44.95,51.35
7.58,8.62,0.34,693.99,461.96,4.35,21.69,1167.12,2.99,154.53,2.85,14.09,42.89,47.72
7.9,5.38,0.41,881.77,416.48,4.36,22.77,1098.85,2.72,126.56,2.08,10.89,43.58,46.25
7.71,5.91,0.44,819.48,437.14,4.4,22.88,669.12,2.43,143.22,2.62,10.65,44.57,50.99
7.63,4.74,0.38,745.82,405.43,4.39,22.41,739.13,2.52,121.9,2.18,11.56,45.28,50.78
7.66,6.88,0.35,824.83,490.22,4.2,22.27,1271.63,2.94,185.55,2.55,18.91,42.7,47.64
7.83,6.53,0.41,720.63,375.73,4.39,22.15,752.9,2.52,120.04,2.77,12.15,44.22,48.86
7.67,5.66,0.37,712.07,388.13,4.38,22.14,780.85,2.55,133.48,2.36,11.98,45.07,50.63
7.72,10.72,0.41,856.04,477.86,4.31,22.37,1123.74,2.84,162.77,3.58,13.03,41.48,45.95
7.82,6.03,0.43,856.5,430.65,4.43,22.1,649.8,2.42,131.51,2.48,9.94,44.57,51.85
7.7,5.14,0.35,706.14,351.92,4.38,22.04,516.79,2.16,101.3,2.08,8.9,46.98,56.28
7.99,8.17,0.44,871.1,455.63,4.32,22.64,814.17,2.53,138.56,3.19,11.7,42.3,45.89
7.62,4.45,0.34,671.37,362.25,4.35,22.31,649.1,2.38,118.49,2.02,11.01,46.31,53.13
7.6,5.16,0.38,700.26,447.14,4.39,21.77,1155.49,3.24,179.02,2.61,14.27,42.77,44.96
7.79,5.45,0.38,788.35,385.29,4.32,22.73,576.54,2.11,114.55,2.08,9.53,45.64,50.71
7.77,4.38,0.44,867,479,4.43,21.77,1022.17,2.95,189.33,2.62,15.28,42.92,44.83
7.81,6.28,0.44,843.25,446.83,4.41,22.27,785.66,2.54,141.58,2.59,12.13,43.87,48.66
7.79,5.68,0.43,846.35,439.74,4.43,22.32,831.4,2.63,144.39,2.55,12.3,43.82,47.65
7.69,4.69,0.46,849.81,444.52,4.47,22.6,633.86,2.54,151.06,2.66,11.17,44.3,50.22
7.6,5.77,0.34,695.54,418.92,4.35,21.97,817.43,2.52,136.35,2.22,12.72,45.1,50.2
7.78,3.93,0.38,776.72,383.92,4.48,21.31,784.22,2.67,117.96,2.12,11.85,44.66,48.73
7.74,5.06,0.39,766.12,410.94,4.41,22.19,980.53,2.79,142.85,2.33,12.98,44.08,47.49
7.6,5.03,0.36,677.74,363.41,4.33,22.72,652.47,2.27,124.66,2.19,11.01,45.94,50.61
7.73,7.12,0.39,801.68,420.28,4.36,22.33,1049.21,2.78,141.91,2.67,12.96,43.43,47.52
7.68,4.67,0.43,816.64,437.73,4.45,22.26,698.27,2.61,157.18,2.59,12.11,44.56,51
7.7,3.13,0.34,757.83,346.17,4.49,22.01,438,2.14,109.87,1.89,9.58,47.29,54.42
7.7,6.57,0.42,808.61,456.04,4.37,22.28,953.29,2.8,159.6,2.78,13.56,43.12,47.31
7.62,4.63,0.37,730.35,386.28,4.38,22.39,708.7,2.44,119.33,2.15,11.55,45.61,50.79
7.56,4.8,0.33,641.46,341.85,4.36,22.63,725.64,2.32,123.92,2.12,10.73,46.17,50.32
7.7,6.42,0.37,699.2,404.87,4.36,22.17,885.91,2.75,140.85,2.77,12.85,43.78,48.49
7.59,3.63,0.25,522.6,261.65,4.3,22.08,771.35,2.45,71.36,1.46,8.97,48.02,58.31
7.61,3.26,0.34,693.46,345.58,4.31,22.32,471.96,2.09,101.6,1.73,11.52,47.34,53.2
7.7,5.45,0.32,647.85,324.05,4.39,21.3,724.35,2.5,81.12,1.96,10.26,45.83,53.32
7.83,5.41,0.45,914.86,455.42,4.44,22.1,670.79,2.41,146.42,2.54,11.41,44.32,50.06
7.7,5.96,0.46,882.13,501.32,4.47,22.82,815.56,2.74,160.1,2.8,11.47,43.01,47.46
7.61,6.73,0.37,737.8,467.88,4.33,22.2,1148.57,3.02,165.38,2.65,15.07,42.77,45.76
7.88,4.66,0.45,904.55,448.1,4.53,22.03,769.12,2.62,149.93,2.48,11.05,44.02,47.73
7.68,6.47,0.38,735.32,405.84,4.3,23.02,1132.59,2.83,136.06,2.44,12.49,43.38,46.73
7.61,7.28,0.49,681,436.33,4.55,23.2,1019.17,3.15,173.33,3.82,13.59,41.19,43.01
7.59,9.64,0.38,799.94,463.07,4.33,22.21,1132.74,2.89,164.23,3.29,13.8,42.3,47
7.64,10.48,0.39,784.4,448.63,4.34,22.27,1229.42,3.01,160.2,3.44,11.69,41.86,46.09
7.81,5.66,0.36,739.68,365.61,4.36,21.8,586.34,2.3,89.59,1.99,9.59,45.78,54.39
7.66,5.1,0.34,698.58,344.21,4.37,22.25,637.41,2.27,107.42,2.14,10.36,46.05,51.36
7.75,5.36,0.42,849.77,436.93,4.42,22.07,771.78,2.58,148.62,2.53,12.38,44.1,48.89
7.85,5.84,0.41,840.89,419.22,4.28,22.39,535,2.13,101.69,2.01,10.73,45.77,52.86
7.87,6.91,0.48,902.76,498.5,4.36,22.6,904.99,2.67,165.76,2.9,12.55,42.37,45.31
7.73,5.77,0.38,813.94,416.41,4.37,22.3,727.11,2.38,134.71,2.34,11.69,44.73,49.6
7.74,5.24,0.4,820.98,403.36,4.36,22.16,554.1,2.19,119.58,2.05,10.85,45.97,52.86
7.59,6.05,0.34,745.49,441.31,4.34,21.95,726.96,2.37,117.23,1.97,12.74,45.71,51.69
7.69,4.96,0.42,775.13,430.78,4.39,22.1,857.46,2.72,144.68,2.35,11.9,44.27,48.47
7.71,5.85,0.4,827.13,435.73,4.29,22.76,877.21,2.5,132.71,2.18,12.46,44.61,49.13
7.78,5.2,0.44,879.42,438.27,4.29,22.36,547.13,2.1,115.89,1.88,11.94,46.09,52.3
7.76,4.97,0.36,762.03,369.71,4.34,22.31,721.38,2.36,100.39,1.81,9.89,46.15,54.02
7.73,7.53,0.42,829.02,464.96,4.3,23.15,1041.37,2.77,143.12,2.85,12.38,42.35,44.82
7.71,5.31,0.45,836.97,437.83,4.51,22.62,546.31,2.4,149.51,2.74,9.45,44.83,52.18
7.6,4.87,0.34,684.64,376.69,4.38,22.29,729.69,2.52,127.61,2.21,11.08,45.71,52.03
7.58,3.68,0.38,709.69,378.03,4.4,22.46,627.81,2.33,139.63,2.21,12.56,45.86,49.53
7.89,6.78,0.43,894.85,445.45,4.43,21.64,767.29,2.58,134.55,2.52,10.53,43.72,51.35
7.62,4.65,0.39,608.45,378.25,4.37,21.89,983.71,2.91,146.6,2.36,12.67,44.42,47.74
7.61,6.85,0.49,791,458.28,4.55,23.68,723.44,3.06,174.22,4.06,10.4,41.18,45.46
7.63,8.56,0.39,729.32,468.33,4.36,22.11,1227.47,3.13,172.56,3.15,14.04,41.87,44.76
7.74,4.9,0.49,520.29,349.25,4.58,21.12,926.93,3.01,153.78,2.83,15.53,44.16,48.36
7.5,6.06,0.3,601.74,422.67,4.35,21.6,985.34,2.85,142.53,2.31,14.05,44.59,50.02
7.69,4.89,0.31,632.56,313.4,4.36,21.86,491.67,2.15,79.28,1.76,8.82,47.32,56.66
7.59,4.58,0.34,678.19,374.35,4.38,22.27,722.13,2.51,129.72,2.17,11.2,45.85,51.91
7.72,5.65,0.41,818.77,424.41,4.3,23.05,839.99,2.42,146.65,2.45,12.47,44.38,46.62
7.83,8.04,0.41,788.97,453.92,4.3,22.54,965.44,2.79,152.06,3.18,13.16,42.06,45.13
7.73,5.06,0.47,872.12,474.92,4.44,22.68,765.54,2.57,163.47,2.64,12.8,43.87,48.42
7.92,4.3,0.42,915.89,425.44,4.37,22.98,1201.33,2.8,136.53,1.91,11.34,43.39,44.1
7.71,6.6,0.43,813.28,457.32,4.37,22.16,904.67,2.69,156.05,2.67,13.31,43.69,47.8
7.74,5.55,0.35,723.6,354.41,4.37,22.15,605.93,2.24,101.28,2.08,9.51,45.88,52.15
7.62,4.71,0.29,594.98,311.92,4.37,21.75,498.65,2.22,81.17,1.82,9.34,47.7,58.12
7.82,5.73,0.38,781.2,405.64,4.35,22.38,857.18,2.61,126.02,2.32,10.92,44.42,50.51
7.66,8.39,0.38,785.89,415.07,4.3,22.41,798.48,2.43,133.48,2.78,11.45,44.43,51.56
7.66,5.2,0.43,773.24,463.6,4.4,22.09,1010.86,2.98,175.2,2.61,13.21,43.19,46.45
7.67,5.24,0.36,671.25,416.38,4.46,21.74,1266.25,3.42,162.8,2.64,15.02,42.42,43.75
7.89,3.71,0.61,1214,606,4.54,22.47,382.5,2.03,211.2,2.95,13.2,43.6,47.96
7.91,5.54,0.35,718.67,359,4.36,21.45,707.67,2.49,74.67,2.02,10.93,44.68,50.29
7.67,4.74,0.4,745.92,432.97,4.46,21.92,907.32,2.8,164.15,2.58,14.35,43.96,47.29
7.78,5.89,0.46,924.08,512.7,4.23,22.69,887,2.55,171.35,2.28,13.79,43.55,46.89
8.09,5.46,0.54,1081.33,538.33,4.23,22.69,333.67,1.84,133.33,1.8,10.91,45.05,51.42
7.63,5.49,0.39,746.45,421.71,4.34,22.33,839.19,2.63,133.11,2.27,11.94,44.67,49.33
7.9,7.64,0.39,789.2,404.58,4.34,22.1,724.11,2.44,112.43,2.72,10.39,43.85,50.33
7.65,6.82,0.39,762.97,433.86,4.35,22.17,1077.25,2.91,158.61,2.77,13.67,43.16,46.51
7.85,6.44,0.41,818.67,423.03,4.37,22.3,655.7,2.35,129.63,2.58,10.32,44.69,51.88
8.03,6.14,0.52,1026.08,510.08,4.49,21.9,662.75,2.34,150.13,2.53,9.73,43.8,50.72
7.56,6.23,0.35,725.1,429.57,4.33,22.06,836.56,2.56,143.93,2.46,14.12,44.64,49.97
7.66,4.86,0.36,697.79,375.05,4.38,22.07,771.38,2.54,129.61,2.19,11.35,45.47,50.73
7.72,4.07,0.38,726.17,377.81,4.43,21.81,762.32,2.61,131.87,2.18,11.01,45.23,50.08
7.75,4.02,0.37,632.17,376.48,4.43,21.24,1268.92,3.38,160.2,2.28,14.22,43.26,43.88
7.76,6.79,0.46,846.28,452.63,4.33,22.53,816.33,2.53,144.65,2.59,13.48,43.94,49.79
7.67,4.89,0.37,742.9,368.57,4.33,22.6,566.27,2.14,122.61,2.1,10.82,46.23,51.44
7.66,3.47,0.39,786.02,390.13,4.37,22.62,577,2.17,136.48,2.07,12.04,45.97,48.96
7.7,2.97,0.44,923.24,457.51,4.48,21.99,700.36,2.59,174.65,2.51,15.03,44.29,47.6
7.64,4.3,0.37,697.81,398.13,4.42,21.79,844.47,2.69,144.73,2.26,13.28,45.05,49.76
7.71,6.53,0.41,842.36,482.82,4.35,22.51,873.55,2.68,150.97,2.63,13.45,43.22,48.02
7.64,6.65,0.38,834.32,451.45,4.39,22.04,901.34,2.67,157.1,2.76,14.22,43.73,48.72
7.76,7.75,0.34,684.33,342,4.35,21.67,688.83,2.41,83.2,2.48,9.47,45.34,54.49
7.71,4.89,0.43,836.06,452.11,4.3,22.92,856.9,2.49,152.93,2.22,13.37,44.47,47.15
7.76,5.49,0.41,811.24,423.19,4.35,22.34,764.49,2.47,136.86,2.35,11.42,44.64,49.44
7.66,5.84,0.4,566.01,398.87,4.46,21.16,1038.19,3.01,151.15,2.58,15.37,43.98,48.36
7.79,4.56,0.44,756.19,395.14,4.45,22.15,953.63,2.74,145.23,2.35,12.87,44.24,47.11
7.54,5.82,0.32,632.22,425.11,4.36,21.64,983.07,2.84,146.42,2.32,14.03,44.49,49.42
7.67,4.23,0.37,706.25,389.97,4.36,21.58,846.57,2.7,120.06,1.91,12.26,45.09,50.04
7.82,4.65,0.43,891.01,430.69,4.33,22.54,781.17,2.36,123.01,1.82,11.57,45.34,49.84
7.83,6.97,0.49,905.08,481.72,4.24,23.43,901.24,2.47,163.45,2.81,14.33,43.07,45.8
7.71,6.34,0.45,763.17,428.96,4.4,22.99,922.87,2.76,144.55,2.81,12.57,43.19,46.58
7.64,4.28,0.35,678.18,387.45,4.39,21.7,816.43,2.64,142.27,2.16,12.63,45.43,50.63
7.61,3.63,0.34,693.93,345.03,4.39,22.21,613.81,2.28,110.78,1.95,11.28,46.73,52.31
7.48,5.53,0.45,726.94,427.61,4.52,23.68,578.5,2.88,151.64,3.3,9.62,43.44,50.22
7.63,4.41,0.41,747.09,421.42,4.44,22.22,790.76,2.62,160.61,2.54,14.35,44.43,47.61
7.7,13.28,0.43,870.5,435.5,4.23,23.15,917,2.48,129.6,3.44,7.48,43.29,56.31
7.65,4.88,0.4,641.44,367.4,4.41,21.99,888.93,2.76,119.77,2.3,13.24,44.91,50.01
7.72,5.88,0.35,728.12,355.39,4.35,22.48,556.84,2.13,105.63,2.14,8.89,46.18,52.94
7.66,6.35,0.4,781.16,446.96,4.33,22.61,1099.35,2.93,154.03,2.56,13.55,43.16,46.03
7.46,4.97,0.22,461.1,230.55,4.31,22.48,458.85,1.99,70.72,1.72,6.96,49.17,59.43
7.6,6.54,0.37,656.74,378.54,4.43,22.03,787.06,2.59,124.27,2.59,12.72,45.01,51.96
7.43,6.33,0.38,758.5,535,4.27,21.88,1441.5,3.5,241.6,3,18.17,41.11,41.7
7.72,4.84,0.42,782.5,420.55,4.33,22.43,659.78,2.37,130.5,2.19,12.55,45.13,49.92
7.62,6.46,0.39,622.12,344.34,4.43,22.64,768.86,2.59,123.32,2.84,10.76,44.65,50.62
